Workbook

Sheet Tổng quan
A1: BÁO CÁO ĐÁNH GIÁ 28 CHỨC NĂNG — SKILLSHARE / NHÓM 4
A2: Đánh giá tĩnh từ repository; phần trăm là ước lượng. Không kết luận chức năng chạy tốt nếu chưa có kiểm thử tương ứng. Sửa % tại hai sheet chi tiết để cập nhật nhóm và số liệu tổng hợp.
A4: Tổng số chức năng | B4: =COUNTA('17 chức năng bắt buộc'!A5:A21)+COUNTA('11 chức năng tự chọn'!A5:A15) | C4: Bắt buộc | D4: =COUNTA('17 chức năng bắt buộc'!A5:A21) | E4: Tự chọn | F4: =COUNTA('11 chức năng tự chọn'!A5:A15)
A5: TB bắt buộc | B5: =AVERAGE('17 chức năng bắt buộc'!D5:D21) | C5: TB tự chọn | D5: =AVERAGE('11 chức năng tự chọn'!D5:D15) | E5: TB toàn bộ | F5: =AVERAGE('17 chức năng bắt buộc'!D5:D21,'11 chức năng tự chọn'!D5:D15)
A8: SỐ CHỨC NĂNG THEO MỨC HOÀN THIỆN | D8: TỔNG HỢP THEO THÀNH VIÊN
A9: Nhóm | B9: Số lượng | D9: Thành viên | E9: BB: số | F9: BB: TB | G9: TC: số | H9: TC: TB | I9: Tổng số | J9: TB tổng
A10: Chưa làm / mới có nền (<40%) | B10: =COUNTIF('17 chức năng bắt buộc'!E5:E21,A10)+COUNTIF('11 chức năng tự chọn'!E5:E15,A10) | D10: Thương | E10: =COUNTIF('17 chức năng bắt buộc'!C5:C21,"*"&D10&"*") | F10: =IFERROR(AVERAGEIF('17 chức năng bắt buộc'!C5:C21,"*"&D10&"*",'17 chức năng bắt buộc'!D5:D21),0) | G10: =COUNTIF('11 chức năng tự chọn'!C5:C15,"*"&D10&"*") | H10: =IFERROR(AVERAGEIF('11 chức năng tự chọn'!C5:C15,"*"&D10&"*",'11 chức năng tự chọn'!D5:D15),0) | I10: =E10+G10 | J10: =IFERROR((E10*F10+G10*H10)/I10,0)
A11: Còn thiếu (40-<70%) | B11: =COUNTIF('17 chức năng bắt buộc'!E5:E21,A11)+COUNTIF('11 chức năng tự chọn'!E5:E15,A11) | D11: Tuấn Anh | E11: =COUNTIF('17 chức năng bắt buộc'!C5:C21,"*"&D11&"*") | F11: =IFERROR(AVERAGEIF('17 chức năng bắt buộc'!C5:C21,"*"&D11&"*",'17 chức năng bắt buộc'!D5:D21),0) | G11: =COUNTIF('11 chức năng tự chọn'!C5:C15,"*"&D11&"*") | H11: =IFERROR(AVERAGEIF('11 chức năng tự chọn'!C5:C15,"*"&D11&"*",'11 chức năng tự chọn'!D5:D15),0) | I11: =E11+G11 | J11: =IFERROR((E11*F11+G11*H11)/I11,0)
A12: Gần xong (70-<90%) | B12: =COUNTIF('17 chức năng bắt buộc'!E5:E21,A12)+COUNTIF('11 chức năng tự chọn'!E5:E15,A12) | D12: Đăng | E12: =COUNTIF('17 chức năng bắt buộc'!C5:C21,"*"&D12&"*") | F12: =IFERROR(AVERAGEIF('17 chức năng bắt buộc'!C5:C21,"*"&D12&"*",'17 chức năng bắt buộc'!D5:D21),0) | G12: =COUNTIF('11 chức năng tự chọn'!C5:C15,"*"&D12&"*") | H12: =IFERROR(AVERAGEIF('11 chức năng tự chọn'!C5:C15,"*"&D12&"*",'11 chức năng tự chọn'!D5:D15),0) | I12: =E12+G12 | J12: =IFERROR((E12*F12+G12*H12)/I12,0)
A13: Hoàn thiện (90-100%) | B13: =COUNTIF('17 chức năng bắt buộc'!E5:E21,A13)+COUNTIF('11 chức năng tự chọn'!E5:E15,A13) | D13: Nhật Anh | E13: =COUNTIF('17 chức năng bắt buộc'!C5:C21,"*"&D13&"*") | F13: =IFERROR(AVERAGEIF('17 chức năng bắt buộc'!C5:C21,"*"&D13&"*",'17 chức năng bắt buộc'!D5:D21),0) | G13: =COUNTIF('11 chức năng tự chọn'!C5:C15,"*"&D13&"*") | H13: =IFERROR(AVERAGEIF('11 chức năng tự chọn'!C5:C15,"*"&D13&"*",'11 chức năng tự chọn'!D5:D15),0) | I13: =E13+G13 | J13: =IFERROR((E13*F13+G13*H13)/I13,0)
A16: ƯU TIÊN TIẾP THEO — DỰA TRÊN KHOẢNG TRỐNG TRONG CODE | H16: PHƯƠNG PHÁP / GIỚI HẠN
A17: Ưu tiên | B17: Chức năng | C17: % hiện tại | D17: DB | E17: Lý do ưu tiên | F17: Bằng chứng / thiếu hụt | H17: Đánh giá từ controller → service → repository/entity/schema → template; không thay thế xác nhận yêu cầu nghiệp vụ.
A18: 1 | B18: Hoàn tiền | C18: ='11 chức năng tự chọn'!D15 | D18: ='11 chức năng tự chọn'!F15 | E18: Không nhầm hoàn escrow khi hủy với luồng Refund thật. | F18: Refund entity/repository có nhưng không có production service/controller; action Provider chỉ resolve complaint. | H18: DB 'Đầy đủ' chỉ nói luồng dữ liệu chính có nối DB, không khẳng định production-ready.
A19: 2 | B19: Thanh toán trực tuyến | C19: ='17 chức năng bắt buộc'!D12 | D19: ='17 chức năng bắt buộc'!F12 | E19: Payment order chưa hoàn chỉnh dù VNPay top-up có triển khai. | F19: OrderService.pay/endpoint thanh toán trực tiếp bị vô hiệu hóa; VNPay chỉ nạp ví. | H19: Bộ test hiện có 11 tests/4 classes: context, commission, marketplace/cart, workspace smoke; không bao phủ 28 chức năng.
A20: 3 | B20: Admin quản lý người dùng | C20: ='17 chức năng bắt buộc'!D16 | D20: ='17 chức năng bắt buộc'!F16 | E20: Khóa user không cập nhật DB và không chặn login. | F20: WorkspaceState RAM; SecurityConfig dùng AccountStatus từ users. | H20: Lần chạy Maven toàn bộ gần nhất: 11 passed, 0 failures/errors. Đây không phải bằng chứng mọi luồng đều hoạt động.
A21: 4 | B21: Admin quản lý dịch vụ / provider | C21: ='17 chức năng bắt buộc'!D17 | D21: ='17 chức năng bắt buộc'!F17 | E21: Duyệt/chặn không bền vững; danh sách dịch vụ một phần hard-code. | F21: WorkspaceState lưu thao tác; WorkspaceController.serviceRows tạo tên mẫu. | H21: Google login được đưa vào đánh giá; code cho thấy OAuth chưa tích hợp và nút bị disable.
A22: 5 | B22: Admin quản lý đơn hàng | C22: ='17 chức năng bắt buộc'!D18 | D22: ='17 chức năng bắt buộc'!F18 | E22: Nút can thiệp không thực hiện state change. | F22: WorkspaceController.interveneOrder chỉ ghi flash message và redirect.
A23: 6 | B23: Giỏ hàng → checkout | C23: ='17 chức năng bắt buộc'!D10 | D23: ='17 chức năng bắt buộc'!F10 | E23: Giỏ đã CRUD DB nhưng chưa chuyển thành đơn nhiều dịch vụ. | F23: CartController add/update/remove; chưa thấy checkout tạo RentalOrder/RentalOrderItem.

Sheet 17 chức năng bắt buộc
A1: 17 CHỨC NĂNG BẮT BUỘC — ĐÁNH GIÁ THEO CODE
A2: Ước lượng từ code, không phải phép đo chính thức. % chữ xanh có thể chỉnh; Nhóm tự tính. DB đánh giá luồng nghiệp vụ thực tế. Đọc nhận xét/bằng chứng trước khi diễn giải tỷ lệ.
A4: STT | B4: Chức năng | C4: Phụ trách | D4: % hoàn thiện | E4: Nhóm | F4: Logic dữ liệu (DB) | G4: Nhận xét theo code | H4: Bằng chứng trong mã nguồn | I4: Trạng thái kiểm thử
A5: 1 | B5: Đăng ký + email xác nhận | C5: Thương | D5: 0.8 | E5: =IF(D5<40%,"Chưa làm / mới có nền (<40%)",IF(D5<70%,"Còn thiếu (40-<70%)",IF(D5<90%,"Gần xong (70-<90%)","Hoàn thiện (90-100%)"))) | F5: Một phần | G5: Đã triển khai: lưu users/customer_profiles, BCrypt, token xác nhận có hạn 24 giờ và gửi qua JavaMail; thiếu SMTP thì UI cung cấp link demo. Lỗi gửi thư bị nuốt, chưa có test SMTP. Điều chỉnh 50%→80%: luồng token/email có trong code, còn độ tin cậy gửi thư và xử lý lỗi. | H5: AuthController#register; AuthService#register/#verifyEmail/#sendMail; User; CustomerProfile; auth/register.html; SecurityConfig#userDetailsService | I5: Chưa có test riêng; SkillRentalApplicationTests chỉ load context.
A6: 2 | B6: Đăng nhập | C6: Thương | D6: 0.9 | E6: =IF(D6<40%,"Chưa làm / mới có nền (<40%)",IF(D6<70%,"Còn thiếu (40-<70%)",IF(D6<90%,"Gần xong (70-<90%)","Hoàn thiện (90-100%)"))) | F6: Đầy đủ | G6: Đã triển khai: Spring Security form login, BCrypt, remember-me và phân quyền /admin, /provider. UserDetailsService từ chối email chưa xác minh hoặc accountStatus khác ACTIVE; nhận xét đầu vào rằng chưa chặn tài khoản khóa không còn đúng. Chưa có test login/phân quyền. | H6: SecurityConfig#userDetailsService/#filter; UserRepository; auth/login.html | I6: Chưa có test đăng nhập hoặc phân quyền chuyên biệt.
A7: 3 | B7: Đăng xuất | C7: Thương | D7: 1 | E7: =IF(D7<40%,"Chưa làm / mới có nền (<40%)",IF(D7<70%,"Còn thiếu (40-<70%)",IF(D7<90%,"Gần xong (70-<90%)","Hoàn thiện (90-100%)"))) | F7: Đầy đủ | G7: Đã triển khai: SecurityFilterChain bật /logout và chuyển về login. Chưa có test xác nhận session/security context kết thúc. | H7: SecurityConfig#filter; templates/fragments.html | I7: Chưa có test logout chuyên biệt.
A8: 4 | B8: Lấy lại mật khẩu | C8: Thương | D8: 0.8 | E8: =IF(D8<40%,"Chưa làm / mới có nền (<40%)",IF(D8<70%,"Còn thiếu (40-<70%)",IF(D8<90%,"Gần xong (70-<90%)","Hoàn thiện (90-100%)"))) | F8: Một phần | G8: Đã triển khai: reset token lưu DB, hạn 30 phút, BCrypt, token bị xóa sau reset; có link demo khi thiếu SMTP. Gửi mail lỗi không được phản ánh rõ; chưa test token hết hạn/dùng một lần/SMTP. Điều chỉnh 60%→80%: token expiration và email đã có trong code. | H8: AuthController#forgotSubmit/#reset; AuthService#createResetToken/#reset/#sendMail; User.resetToken/resetTokenExpiresAt; auth/forgot-password.html | I8: Chưa có test riêng cho reset token/mail.
A9: 5 | B9: Xem chi tiết dịch vụ / provider | C9: Tuấn Anh | D9: 0.85 | E9: =IF(D9<40%,"Chưa làm / mới có nền (<40%)",IF(D9<70%,"Còn thiếu (40-<70%)",IF(D9<90%,"Gần xong (70-<90%)","Hoàn thiện (90-100%)"))) | F9: Đầy đủ | G9: Đã triển khai một phần lớn: profile/reviews từ DB, tính phân bố sao từ review. portfolioNames hard-code; trang chi tiết là provider, chưa phải ServiceCatalog. Điều chỉnh 90%→85% do portfolio/service-detail chưa nối DB. | H9: MarketplaceController#detail; MarketplaceService#get; ReviewRepository#findByProviderOrderByIdDesc; marketplace/provider-detail.html | I9: Chưa có test trang chi tiết hoặc phân bố review.
A10: 6 | B10: Quản lý giỏ / danh sách dịch vụ đã chọn | C10: Đăng | D10: 0.75 | E10: =IF(D10<40%,"Chưa làm / mới có nền (<40%)",IF(D10<70%,"Còn thiếu (40-<70%)",IF(D10<90%,"Gần xong (70-<90%)","Hoàn thiện (90-100%)"))) | F10: Một phần | G10: Đã triển khai: trang services/cart, thêm/sửa/xóa qua controller; Cart/CartItem lưu DB, snapshot giá, kiểm tra published và quyền sở hữu item. Chưa có checkout tạo rental_order/order_items. Điều chỉnh 10%→75%: CRUD giỏ cơ bản có thật, thiếu checkout. | H10: CartController#services/#cart/#add/#quantity/#remove; Cart; CartItem; CartRepository; CartItemRepository; marketplace/services.html; customer/cart.html | I10: MarketplaceCartSmokeTest kiểm tra trang, thêm/xóa và quantity qua repository; đạt ở lần chạy Maven gần nhất.
A11: 7 | B11: Đặt dịch vụ | C11: Đăng | D11: 0.8 | E11: =IF(D11<40%,"Chưa làm / mới có nền (<40%)",IF(D11<70%,"Còn thiếu (40-<70%)",IF(D11<90%,"Gần xong (70-<90%)","Hoàn thiện (90-100%)"))) | F11: Một phần | G11: Đã triển khai: BookingService transactionally tạo Booking + RentalOrder và giữ tiền qua EscrowService; validate ngày/slot, premium +25%. Booking.service_id không được gán; chưa thấy kiểm tra lịch trùng/availability. Điều chỉnh 90%→80% do ràng buộc lịch/service còn thiếu. | H11: BookingController#form/#submit; BookingService#create; Booking; RentalOrder; EscrowService#reserveForBooking; booking/booking.html | I11: Workspace smoke test kiểm tra nhánh provider decline/refund escrow; chưa test tạo booking end-to-end.
A12: 8 | B12: Thanh toán trực tuyến | C12: Nhật Anh | D12: 0.45 | E12: =IF(D12<40%,"Chưa làm / mới có nền (<40%)",IF(D12<70%,"Còn thiếu (40-<70%)",IF(D12<90%,"Gần xong (70-<90%)","Hoàn thiện (90-100%)"))) | F12: Một phần | G12: Đã triển khai một phần: VNPay Sandbox top-up lưu record, ký HMAC-SHA512, xác thực callback/signature/amount, cộng ví và ghi transaction. Thanh toán trực tiếp cho rental order bị vô hiệu hóa. Không tính top-up là thanh toán đơn. Điều chỉnh 60%→45%. | H12: OrderController#topUpViaVnPay/#walletVnPayReturn; VnPayWalletTopUpService#createPayment/#processReturn; WalletTopUp; customer/wallet.html; SETUP_VNPAY_GMAIL_OTP.md | I12: Chưa có test VNPay callback/chữ ký/idempotency.
A13: 9 | B13: Lịch sử đặt dịch vụ | C13: Nhật Anh | D13: 0.85 | E13: =IF(D13<40%,"Chưa làm / mới có nền (<40%)",IF(D13<70%,"Còn thiếu (40-<70%)",IF(D13<90%,"Gần xong (70-<90%)","Hoàn thiện (90-100%)"))) | F13: Đầy đủ | G13: Đã triển khai: /orders đọc DB theo customer; detail/progress kiểm tra quyền sở hữu. Chưa thấy test history/ownership hoặc lọc. Điều chỉnh 90%→85% vì phạm vi/test còn hạn chế. | H13: OrderController#list/#details/#progress; OrderService#list/#owned; RentalOrderRepository; orders/orders.html; orders/progress.html | I13: Chưa có test history/ownership chuyên biệt.
A14: 10 | B14: Biểu đồ cột theo khoảng thời gian | C14: Nhật Anh | D14: 0.8 | E14: =IF(D14<40%,"Chưa làm / mới có nền (<40%)",IF(D14<70%,"Còn thiếu (40-<70%)",IF(D14<90%,"Gần xong (70-<90%)","Hoàn thiện (90-100%)"))) | F14: Một phần | G14: Đã triển khai: admin tính order/revenue theo ngày và bucket; finance có inflow/outflow/commission series. Tính đúng chart chưa được test; retention/matchTime hard-code 0. Điều chỉnh 10%→80% vì backend time-series và giao diện chart tồn tại. | H14: WorkspaceController#fillAdminStatistics/#fillAdminFinance; workspace/admin/page.html; WorkspaceControllerSmokeTest#allAdminGetRoutesRenderWithoutServerError | I14: Smoke xác nhận route/model; chưa kiểm tra giá trị/bucket.
A15: 11 | B15: Biểu đồ tròn | C15: Nhật Anh | D15: 0.8 | E15: =IF(D15<40%,"Chưa làm / mới có nền (<40%)",IF(D15<70%,"Còn thiếu (40-<70%)",IF(D15<90%,"Gần xong (70-<90%)","Hoàn thiện (90-100%)"))) | F15: Một phần | G15: Đã triển khai: gom OrderStatus theo kỳ, tính slices/tỷ lệ và CSS conic-gradient. Chưa test số liệu trên fixture; scope là biểu đồ trạng thái đơn. Điều chỉnh 10%→80%. | H15: WorkspaceController#fillAdminStatistics/#statusLabel; workspace/admin/page.html (statusPieGradient); WorkspaceControllerSmokeTest | I15: Smoke route/model; chưa test số lượng/tỷ lệ slices.
A16: 12 | B16: Admin quản lý người dùng | C16: Thương | D16: 0.35 | E16: =IF(D16<40%,"Chưa làm / mới có nền (<40%)",IF(D16<70%,"Còn thiếu (40-<70%)",IF(D16<90%,"Gần xong (70-<90%)","Hoàn thiện (90-100%)"))) | F16: Giả lập | G16: Đã có một phần: list/export user lấy DB; lock/unlock chỉ lưu WorkspaceState RAM, không cập nhật User.accountStatus nên không chặn login qua SecurityConfig. Điều chỉnh 30%→35% vì có trang/dữ liệu, thao tác khóa chưa bền vững. | H16: WorkspaceController#adminPage/#lockUser/#unlockUser/#adminUsers/#exportUsers; WorkspaceState; SecurityConfig#userDetailsService; workspace/admin/page.html | I16: Admin GET smoke; chưa test lock ngăn login hoặc persistence sau restart.
... A21: 17 | B21: Provider xem doanh thu | C21: Nhật Anh | D21: 0.7 | E21: =IF(D21<40%,"Chưa làm / mới có nền (<40%)",IF(D21<70%,"Còn thiếu (40-<70%)",IF(D21<90%,"Gần xong (70-<90%)","Hoàn thiện (90-100%)"))) | F21: Một phần | G21: Đã triển khai: monthly settled income và wallet lifetime/escrow lấy DB, dùng CommissionPolicy; withdrawal có DB/OTP/admin approval nhưng duyệt demo không chuyển khoản; chưa có báo cáo kỳ tùy chọn. Điều chỉnh 55%→70%. | H21: WorkspaceController#fillProviderDashboard/#fillProviderWallet; CommissionPolicy; EscrowService withdrawal methods; ProviderWithdrawalRepository; workspace/provider/page.html | I21: Smoke wallet/withdraw; chưa test tính doanh thu hoặc lifecycle hoàn chỉnh.

Sheet 11 chức năng tự chọn
A1: 11 CHỨC NĂNG TỰ CHỌN — ĐÁNH GIÁ THEO CODE
A2: Ước lượng từ code, không phải phép đo chính thức. % chữ xanh có thể chỉnh; Nhóm tự tính. DB đánh giá luồng nghiệp vụ thực tế. Đọc nhận xét/bằng chứng trước khi diễn giải tỷ lệ.
A4: STT | B4: Chức năng | C4: Phụ trách | D4: % hoàn thiện | E4: Nhóm | F4: Logic dữ liệu (DB) | G4: Nhận xét theo code | H4: Bằng chứng trong mã nguồn | I4: Trạng thái kiểm thử
A5: 1 | B5: Cập nhật thông tin cá nhân | C5: Thương | D5: 0.9 | E5: =IF(D5<40%,"Chưa làm / mới có nền (<40%)",IF(D5<70%,"Còn thiếu (40-<70%)",IF(D5<90%,"Gần xong (70-<90%)","Hoàn thiện (90-100%)"))) | F5: Đầy đủ | G5: Đã triển khai: hồ sơ Customer ghi fullName/email/phone/avatar/bio vào users, kiểm tra email trùng, logout khi đổi email; provider profile tách riêng. Chưa test cập nhật. Điều chỉnh 80%→90%. | H5: ProfileController#profile/#update; UserRepository; ProviderProfile; customer/profile.html; WorkspaceController#providerProfileSave | I5: Chưa có test cập nhật hồ sơ.
A6: 2 | B6: Đăng nhập Google | C6: Thương | D6: 0.05 | E6: =IF(D6<40%,"Chưa làm / mới có nền (<40%)",IF(D6<70%,"Còn thiếu (40-<70%)",IF(D6<90%,"Gần xong (70-<90%)","Hoàn thiện (90-100%)"))) | F6: Chưa có | G6: Chưa triển khai OAuth: SecurityConfig chỉ form login, không có oauth2Login/config/handler. OAuthIdentity là schema/entity; nút UI disabled. Giữ 5% nền dữ liệu/UI. | H6: pom.xml; SecurityConfig#filter; OAuthIdentity; DemoDataConfig; auth/login.html | I6: Không có test OAuth hoặc flow trong source.
A7: 3 | B7: Lọc dịch vụ theo kỹ năng / giá | C7: Tuấn Anh | D7: 0.9 | E7: =IF(D7<40%,"Chưa làm / mới có nền (<40%)",IF(D7<70%,"Còn thiếu (40-<70%)",IF(D7<90%,"Gần xong (70-<90%)","Hoàn thiện (90-100%)"))) | F7: Đầy đủ | G7: Đã triển khai một phần lớn: /providers lọc ProviderProfile theo từ khóa, skill và khoảng hourlyRate; validate min<=max. Scope lọc provider, không phải service catalog; chưa test boundary. Điều chỉnh 100%→90%. | H7: MarketplaceController#search; MarketplaceService#search; ProviderProfileRepository; marketplace/search.html | I7: Chưa có test filter/range invalid.
A8: 4 | B8: Sắp xếp theo giá / đánh giá | C8: Tuấn Anh | D8: 0.9 | E8: =IF(D8<40%,"Chưa làm / mới có nền (<40%)",IF(D8<70%,"Còn thiếu (40-<70%)",IF(D8<90%,"Gần xong (70-<90%)","Hoàn thiện (90-100%)"))) | F8: Đầy đủ | G8: Đã triển khai: priceAsc/priceDesc hoặc rating mặc định trên provider từ DB. Chưa test thứ tự/null; không áp dụng toàn bộ service catalog. Điều chỉnh 100%→90%. | H8: MarketplaceController#search; MarketplaceService#search; marketplace/search.html | I8: Chưa có test sort ordering.
A9: 5 | B9: Dịch vụ được đặt nhiều | C9: Nhật Anh | D9: 0.8 | E9: =IF(D9<40%,"Chưa làm / mới có nền (<40%)",IF(D9<70%,"Còn thiếu (40-<70%)",IF(D9<90%,"Gần xong (70-<90%)","Hoàn thiện (90-100%)"))) | F9: Đầy đủ | G9: Đã triển khai: query đếm order distinct theo RentalOrderItem, loại CANCELLED; HomeController xếp popularServices và template hiển thị. BookingService chưa tạo RentalOrderItem nên direct booking có thể không được tính. Điều chỉnh 0%→80% do query/hiển thị có, dữ liệu liên kết chưa chắc. | H9: RentalOrderItemRepository#countOrdersPerService; HomeController#home; RentalOrderItem; templates/home.html; schema-mysql.sql | I9: Chưa có test lượt đặt/top services.
A10: 6 | B10: Dịch vụ / provider gợi ý | C10: Tuấn Anh | D10: 0.75 | E10: =IF(D10<40%,"Chưa làm / mới có nền (<40%)",IF(D10<70%,"Còn thiếu (40-<70%)",IF(D10<90%,"Gần xong (70-<90%)","Hoàn thiện (90-100%)"))) | F10: Một phần | G10: Đã triển khai heuristic: so preferredSkills của customer với skills provider, tie-break rating, hiển thị 4 provider. Không lọc approved/status/availability; ranking chưa test. Điều chỉnh 5%→75%. | H10: HomeController#home; CustomerProfile.preferredSkills; ProviderProfileRepository; templates/home.html | I10: Chưa có test ranking/gợi ý.
A11: 7 | B11: Cập nhật trạng thái đơn hàng | C11: Đăng | D11: 0.85 | E11: =IF(D11<40%,"Chưa làm / mới có nền (<40%)",IF(D11<70%,"Còn thiếu (40-<70%)",IF(D11<90%,"Gần xong (70-<90%)","Hoàn thiện (90-100%)"))) | F11: Đầy đủ | G11: Đã triển khai: accept, xác nhận bắt đầu hai phía, processing, completion/OTP, cancellation và đồng bộ booking. RentalOrderStatusHistory entity/repository có nhưng không được luồng cập nhật gọi. Điều chỉnh 90%→85%. | H11: EscrowService#providerAccept/#confirmStart/#providerComplete/#verifyOtpAndSettle; OrderController; RentalOrderStatusHistory/Repository; orders/progress.html | I11: Smoke một số nhánh; chưa test state machine đầy đủ.
A12: 8 | B12: Hủy đơn hàng | C12: Đăng | D12: 0.85 | E12: =IF(D12<40%,"Chưa làm / mới có nền (<40%)",IF(D12<70%,"Còn thiếu (40-<70%)",IF(D12<90%,"Gần xong (70-<90%)","Hoàn thiện (90-100%)"))) | F12: Đầy đủ | G12: Đã triển khai: Customer/Provider hủy; trước khi bắt đầu hoàn escrow, sau khi bắt đầu có compensation và lựa chọn của Customer; ownership/status được kiểm tra, ghi wallet transaction. Đây không phải Refund gateway. Điều chỉnh 10%→85%. | H12: OrderController#cancel/#resolveCompensation; WorkspaceController#providerCancel/#providerCompensation; EscrowService#cancelByCustomer/#cancelByProvider/#customerResolveCompensation/#cancelAndRelease; orders/progress.html | I12: Có test provider decline/refund escrow; chưa test customer cancellation/compensation.
A13: 9 | B13: Đánh giá dịch vụ / provider | C13: Nhật Anh | D13: 0.85 | E13: =IF(D13<40%,"Chưa làm / mới có nền (<40%)",IF(D13<70%,"Còn thiếu (40-<70%)",IF(D13<90%,"Gần xong (70-<90%)","Hoàn thiện (90-100%)"))) | F13: Đầy đủ | G13: Đã triển khai: chỉ order COMPLETED được review, lưu DB, cập nhật rating/count; unique order; provider trả lời. Admin hide/restore dùng RAM; chưa thấy kiểm tra customer review chính là order customer ngoài ownership controller. Điều chỉnh 90%→85%. | H13: InteractionController#review/#save; ReviewService#save; OrderService#owned; ReviewRepository; Review; WorkspaceController#respondReview/#hideReview; schema-mysql.sql | I13: Có test provider reply; chưa test lưu review/aggregate/unauthorized.
A14: 10 | B14: Báo cáo khách hàng / provider | C14: Nhật Anh | D14: 0.8 | E14: =IF(D14<40%,"Chưa làm / mới có nền (<40%)",IF(D14<70%,"Còn thiếu (40-<70%)",IF(D14<90%,"Gần xong (70-<90%)","Hoàn thiện (90-100%)"))) | F14: Đầy đủ | G14: Đã triển khai: complaint DB với reporter/target/order/type; chỉ bên trong đơn được gửi; Admin đọc Complaint DB và resolve/reject ghi DB. Provider evidence đổi status; nút refund chỉ resolve complaint. Điều chỉnh 60%→80% vì reportRows không hard-code như nhận xét đầu vào. | H14: ComplaintController#form/#submit; ReviewService#complain; WorkspaceController#reportRows/#resolveReport/#rejectReport/#complaintEvidence/#complaintRefund; ComplaintRepository; interaction/complaint.html | I14: Chưa có test submit/report permission/resolve.
A15: 11 | B15: Hoàn tiền | C15: Đăng + Nhật Anh | D15: 0.25 | E15: =IF(D15<40%,"Chưa làm / mới có nền (<40%)",IF(D15<70%,"Còn thiếu (40-<70%)",IF(D15<90%,"Gần xong (70-<90%)","Hoàn thiện (90-100%)"))) | F15: Một phần | G15: Đang mô phỏng một phần: cancel/compensation trả/unhold escrow và ghi WalletTransaction; Provider complaintRefund chỉ đặt complaint RESOLVED. Refund entity/repository/bảng có nhưng không thấy production service/controller xử lý refunds hoặc giới hạn tổng hoàn. Điều chỉnh 10%→25% vì có escrow release, không có refund workflow. | H15: EscrowService#cancelAndRelease/#customerResolveCompensation; WorkspaceController#complaintRefund; Refund/RefundRepository; schema-mysql.sql refunds; workspace/provider/page.html | I15: Chưa có test refund/partial refund/gateway; cancellation test không chứng minh refund workflow.
